,MUSE-SBS,SBS_COSMIC,similiarity
0,MUSE-SBSA,SBS17a,0.999945001325574
1,MUSE-SBSB,SBS28,0.9713186201229028
2,MUSE-SBSC,SBS18,0.9994322349325372
3,MUSE-SBSD,SBS8,0.961646455253699
4,MUSE-SBSE,SBS40,0.9952617202865532
5,MUSE-SBSF,SBS22,0.9974468507431072
6,MUSE-SBSG,SBS1,0.999938733418001
7,MUSE-SBSH,SBS21,0.9987272554642032
8,MUSE-SBSI,SBS26,0.9631838925049548
9,MUSE-SBSJ,SBS2,0.9998223068864182
10,MUSE-SBSK,SBS17b,0.999937787733416
11,MUSE-SBSL,SBS13,0.9997718459716256
12,MUSE-SBSM,SBS15,0.9772747881030938
13,MUSE-SBSN,SBS41,0.9892334363982932
14,MUSE-SBSO,SBS3,0.9890379093317586
15,MUSE-SBSP,SBS4,0.9891452427160784
16,MUSE-SBSQ,SBS5,0.9940163797582936
17,MUSE-SBSR,SBS44,0.9986288315775068
18,MUSE-SBSS,SBS30,0.9470807943585846
