Type,MUSE-SBSA,MUSE-SBSB
A[C>A]A,0.010607829,0.012403312
A[C>A]C,0.007368059,0.010664191
A[C>A]G,0.0041770646,0.0032604265
A[C>A]T,0.006418792,0.009030246
A[C>G]A,0.005900652,0.007667261
A[C>G]C,0.0049567996,0.005636404
A[C>G]G,0.0039952034,0.0048865634
A[C>G]T,0.0053224335,0.006619435
A[C>T]A,0.013713025,0.015345434
A[C>T]C,0.0068593007,0.009469529
A[C>T]G,0.020102162,0.012875152
A[C>T]T,0.009487233,0.013790439
A[T>A]A,0.005759342,0.008468955
A[T>A]C,0.005288785,0.005457818
A[T>A]G,0.0048559615,0.0053443843
A[T>A]T,0.0067056846,0.010199574
A[T>C]A,0.023113158,0.031277873
A[T>C]C,0.0043752193,0.006125761
A[T>C]G,0.009272368,0.01672912
A[T>C]T,0.009997014,0.014752394
A[T>G]A,0.0022655271,0.005397495
A[T>G]C,0.002992366,0.001748578
A[T>G]G,0.004989559,0.004791784
A[T>G]T,0.0034430206,0.0049829804
C[C>A]A,0.009950439,0.010093684
C[C>A]C,0.0073056757,0.010276627
C[C>A]G,0.0050316206,0.0047188206
C[C>A]T,0.0077312854,0.011104744
C[C>G]A,0.0051999013,0.0063377605
C[C>G]C,0.0031983848,0.0048141014
C[C>G]G,0.0020630148,0.0031298082
C[C>G]T,0.006492648,0.007104798
C[C>T]A,0.017241003,0.020126186
C[C>T]C,0.009628474,0.014627459
C[C>T]G,0.017050525,0.020739017
C[C>T]T,0.0075778062,0.01819448
C[T>A]A,0.004302938,0.006549378
C[T>A]C,0.0041726734,0.005371638
C[T>A]G,0.0048339423,0.005834224
C[T>A]T,0.0047226246,0.007914061
C[T>C]A,0.0068347515,0.010897349
C[T>C]C,0.0036775935,0.00526054
C[T>C]G,0.0055061877,0.007884419
C[T>C]T,0.0067159245,0.0076964754
C[T>G]A,0.0033363195,0.002793406
C[T>G]C,0.0024975345,0.0049497746
C[T>G]G,0.0022471694,0.0053991377
C[T>G]T,0.0043069124,0.007579995
G[C>A]A,0.007857285,0.011331442
G[C>A]C,0.0054180063,0.007411845
G[C>A]G,0.0017428086,0.0022930875
G[C>A]T,0.00574852,0.008363741
G[C>G]A,0.0060960064,0.0039166575
G[C>G]C,0.002203994,0.0052581537
G[C>G]G,0.0024882958,0.001080624
G[C>G]T,0.0041940864,0.005218531
G[C>T]A,0.008605651,0.0114097865
G[C>T]C,0.009297159,0.010462881
G[C>T]G,0.018494727,0.015764823
G[C>T]T,0.010642369,0.013918035
G[T>A]A,0.0038534198,0.0052298005
G[T>A]C,0.0018590243,0.0026111011
G[T>A]G,0.002708576,0.003982318
G[T>A]T,0.0028552397,0.0060009914
G[T>C]A,0.009169248,0.012470808
G[T>C]C,0.00427426,0.0045951703
G[T>C]G,0.0050790473,0.006428336
G[T>C]T,0.006504157,0.00832136
G[T>G]A,0.0018915044,0.012786865
G[T>G]C,0.012434241,0.0052744793
G[T>G]G,0.0034385095,0.0059213466
G[T>G]T,0.0031986006,0.0036838974
T[C>A]A,0.016242526,0.024062335
T[C>A]C,0.010461825,0.016089719
T[C>A]G,0.0029217696,0.004447618
T[C>A]T,0.020037979,0.02328001
T[C>G]A,0.062325608,0.073592596
T[C>G]C,0.020754939,0.017872896
T[C>G]G,0.0048998203,0.0043931296
T[C>G]T,0.11246278,0.059701893
T[C>T]A,0.10697138,0.0077975215
T[C>T]C,0.033540383,0.019035526
T[C>T]G,0.023686267,0.02393787
T[C>T]T,0.049059622,0.032791443
T[T>A]A,0.006866256,0.008307242
T[T>A]C,0.0040216525,0.00513523
T[T>A]G,0.0027892604,0.0041938564
T[T>A]T,0.0061651357,0.008348356
T[T>C]A,0.0102682235,0.014452536
T[T>C]C,0.004230185,0.005799697
T[T>C]G,0.0049754414,0.0068247225
T[T>C]T,0.007229645,0.00949585
T[T>G]A,0.00399131,0.004292364
T[T>G]C,0.0032721448,0.002688912
T[T>G]G,0.002609621,0.003933292
T[T>G]T,0.006569603,0.009466305
