,MUSE-SBS,SBS_COSMIC,similiarity
0,MUSE-SBSA,SBS22,0.9981288419079104
1,MUSE-SBSB,SBS40,0.9949164391787606
2,MUSE-SBSC,SBS4,0.9743437227054832
3,MUSE-SBSD,SBS3,0.9883982514067684
4,MUSE-SBSE,SBS1,0.9999628964867566
5,MUSE-SBSF,SBS9,0.7965368475717894
6,MUSE-SBSG,SBS30,0.9427630806514584
7,MUSE-SBSH,SBS15,0.9773987896183174
8,MUSE-SBSI,SBS5,0.9932227920761156
9,MUSE-SBSJ,SBS26,0.9579972829640452
10,MUSE-SBSK,SBS21,0.998638506624923
11,MUSE-SBSL,SBS18,0.998666386155352
12,MUSE-SBSM,SBS13,0.9998420773120896
13,MUSE-SBSN,SBS17b,0.9999468748889953
14,MUSE-SBSO,SBS2,0.9998606712702882
15,MUSE-SBSP,SBS17a,0.9999387488283948
16,MUSE-SBSQ,SBS28,0.9764905601199244
17,MUSE-SBSR,SBS44,0.998416171464253
18,MUSE-SBSS,SBS8,0.9519787651232772
19,MUSE-SBST,SBS41,0.98846729584682
