,MUSE-SBS,SBS_COSMIC,similiarity
0,MUSE-SBSA,SBS4,0.9893321508706396
1,MUSE-SBSB,SBS18,0.9976082635475948
2,MUSE-SBSC,SBS44,0.8991227337693373
3,MUSE-SBSD,SBS22,0.9912288861154638
4,MUSE-SBSE,SBS2,0.9997600035335183
5,MUSE-SBSF,SBS21,0.9419676190921872
6,MUSE-SBSG,SBS1,0.9999246821646104
7,MUSE-SBSH,SBS13,0.9994986345574904
8,MUSE-SBSI,SBS40,0.9744863711056588
9,MUSE-SBSJ,SBS17a,0.99984659523399
10,MUSE-SBSK,SBS3,0.9837287038391094
11,MUSE-SBSL,SBS5,0.97710025543815
12,MUSE-SBSM,SBS17b,0.9997135980921684
13,MUSE-SBSN,SBS41,0.9856228464886092
