,MUSE-SBS,SBS_COSMIC,similiarity
0,MUSE-SBSA,SBS18,0.999039035365466
1,MUSE-SBSB,SBS17a,0.999890381226135
2,MUSE-SBSC,SBS44,0.9608739104004252
3,MUSE-SBSD,SBS3,0.9911182664049174
4,MUSE-SBSE,SBS5,0.947271783667958
5,MUSE-SBSF,SBS30,0.954957858323908
6,MUSE-SBSG,SBS1,0.99992784052123
7,MUSE-SBSH,SBS4,0.9956243064060968
8,MUSE-SBSI,SBS17b,0.9998053119511072
9,MUSE-SBSJ,SBS40,0.987772574028158
10,MUSE-SBSK,SBS13,0.999750608688486
11,MUSE-SBSL,SBS15,0.9706607985969756
12,MUSE-SBSM,SBS8,0.925673935618508
13,MUSE-SBSN,SBS2,0.9998020189946984
14,MUSE-SBSO,SBS21,0.992270244400972
15,MUSE-SBSP,SBS41,0.9776699766515474
16,MUSE-SBSQ,SBS22,0.997365147656985
