,MUSE-SBS,SBS_COSMIC,similiarity
0,MUSE-SBSA,SBS5,0.9932641427478685
1,MUSE-SBSB,SBS22,0.998447953478552
2,MUSE-SBSC,SBS21,0.9985435386306276
3,MUSE-SBSD,SBS30,0.9421277545523788
4,MUSE-SBSE,SBS3,0.9877136892397306
5,MUSE-SBSF,SBS17b,0.9999491139395013
6,MUSE-SBSG,SBS15,0.9781746601132209
7,MUSE-SBSH,SBS18,0.9989766454295848
8,MUSE-SBSI,SBS28,0.9761642851494744
9,MUSE-SBSJ,SBS44,0.9974777499762932
10,MUSE-SBSK,SBS8,0.953036069680978
11,MUSE-SBSL,SBS2,0.9998498799555172
12,MUSE-SBSM,SBS4,0.9771853059240376
13,MUSE-SBSN,SBS9,0.7956822533885219
14,MUSE-SBSO,SBS17a,0.9999552621730066
15,MUSE-SBSP,SBS26,0.9544577718339368
16,MUSE-SBSQ,SBS41,0.9886774088051536
17,MUSE-SBSR,SBS13,0.9998238863618883
18,MUSE-SBSS,SBS40,0.9951439606758086
19,MUSE-SBST,SBS1,0.999956221761836
